Image,Image Size,Image Modification data
10_Milk_001.jpg,32.83 MB,2023-08-22 02:00:49.464177
11_Milk_002.jpg,21.28 MB,2023-08-22 02:00:49.464177
12_Milk_003.jpg,23.98 MB,2023-08-22 02:00:49.465150
13_Milk_004.jpg,22.61 MB,2023-08-22 02:00:49.481139
14_Milk_005.jpg,19.1 MB,2023-08-22 02:00:49.482128
15_Milk_001.jpg,27.39 MB,2023-08-22 02:00:49.483102
16_Milk_002.jpg,29.08 MB,2023-08-22 02:00:49.483102
17_Milk_003.jpg,24.31 MB,2023-08-22 02:00:49.484127
18_Milk_004.jpg,27.28 MB,2023-08-22 02:00:49.485129
19_Milk_005.jpg,27.37 MB,2023-08-22 02:00:49.486094
1_Milk_001.jpg,28.17 MB,2023-08-22 02:00:49.458201
20_Milk_006.jpg,25.46 MB,2023-08-22 02:00:49.486094
21_Milk_001.jpg,23.6 MB,2023-08-22 02:00:49.487091
22_Milk_002.jpg,21.84 MB,2023-08-22 02:00:49.487091
23_Milk_003.jpg,27.54 MB,2023-08-22 02:00:49.488089
24_Milk_004.jpg,28.14 MB,2023-08-22 02:00:49.488089
25_Milk_005.jpg,21.03 MB,2023-08-22 02:00:49.489086
26_Milk_006.jpg,26.81 MB,2023-08-22 02:00:49.490083
27_Oatghurt_001.jpg,21.31 MB,2023-08-22 02:00:49.494073
28_Oatghurt_002.jpg,24.14 MB,2023-08-22 02:00:49.494073
29_Oatghurt_003.jpg,26.87 MB,2023-08-22 02:00:49.495069
2_Milk_002.jpg,21.42 MB,2023-08-22 02:00:49.459166
30_Oatghurt_004.jpg,22.32 MB,2023-08-22 02:00:49.495069
31_Oatghurt_005.jpg,24.3 MB,2023-08-22 02:00:49.496067
32_Milk_001.jpg,15.88 MB,2023-08-22 02:00:49.491080
33_Milk_002.jpg,22.43 MB,2023-08-22 02:00:49.491080
34_Milk_003.jpg,21.78 MB,2023-08-22 02:00:49.492077
35_Milk_004.jpg,17.93 MB,2023-08-22 02:00:49.492077
36_Milk_005.jpg,22.82 MB,2023-08-22 02:00:49.493075
3_Milk_003.jpg,28.56 MB,2023-08-22 02:00:49.459166
4_Milk_004.jpg,23.08 MB,2023-08-22 02:00:49.460164
5_Milk_005.jpg,27.26 MB,2023-08-22 02:00:49.461160
6_Milk_001.jpg,25.03 MB,2023-08-22 02:00:49.461160
7_Milk_002.jpg,15.96 MB,2023-08-22 02:00:49.462158
8_Milk_003.jpg,29.92 MB,2023-08-22 02:00:49.462158
9_Milk_004.jpg,25.52 MB,2023-08-22 02:00:49.463155
